State,Prewar,Current,Change,Prewar_date,Current_date
Alabama,2.648,3.9794,1.3314,2026-02-28,2026-10-06
Alaska,3.594,5.027,1.433,2026-02-28,2026-10-06
Arizona,3.311,4.747,1.436,2026-02-28,2026-10-06
Arkansas,2.599,3.9602,1.3612,2026-02-28,2026-10-06
California,4.643,6.3916,1.7486,2026-02-28,2026-10-06
Colorado,2.871,4.1315,1.2605,2026-02-28,2026-10-06
Connecticut,2.915,4.4528,1.5378,2026-02-28,2026-10-06
Delaware,2.89,4.2337,1.3437,2026-02-28,2026-10-06
District of Columbia,3.106,4.4506,1.3446,2026-02-28,2026-10-06
Florida,2.898,4.0603,1.1623,2026-02-28,2026-10-06
Georgia,2.785,3.8494,1.0644,2026-02-28,2026-10-06
Hawaii,4.399,5.6218,1.2228,2026-02-28,2026-10-06
Idaho,2.971,4.953,1.982,2026-02-28,2026-10-06
Illinois,3.054,4.6646,1.6106,2026-02-28,2026-10-06
Indiana,2.818,3.7407,0.9227,2026-02-28,2026-10-06
Iowa,2.64,4.1121,1.4721,2026-02-28,2026-10-06
Kansas,2.55,4.0529,1.5029,2026-02-28,2026-10-06
Kentucky,2.639,4.0197,1.3807,2026-02-28,2026-10-06
Louisiana,2.561,3.9352,1.3742,2026-02-28,2026-10-06
Maine,2.911,4.398,1.487,2026-02-28,2026-10-06
Maryland,2.942,4.2289,1.2869,2026-02-28,2026-10-06
Massachusetts,2.906,4.353,1.447,2026-02-28,2026-10-06
Michigan,2.991,4.4557,1.4647,2026-02-28,2026-10-06
Minnesota,2.79,4.2065,1.4165,2026-02-28,2026-10-06
Mississippi,2.54,3.941,1.401,2026-02-28,2026-10-06
Missouri,2.657,4.033,1.376,2026-02-28,2026-10-06
Montana,2.803,4.5124,1.7094,2026-02-28,2026-10-06
Nebraska,2.753,4.2119,1.4589,2026-02-28,2026-10-06
Nevada,3.705,5.483,1.778,2026-02-28,2026-10-06
New Hampshire,2.855,4.3395,1.4845,2026-02-28,2026-10-06
New Jersey,2.916,4.3051,1.3891,2026-02-28,2026-10-06
New Mexico,2.76,4.3374,1.5774,2026-02-28,2026-10-06
New York,3.002,4.474,1.472,2026-02-28,2026-10-06
North Carolina,2.753,4.0271,1.2741,2026-02-28,2026-10-06
North Dakota,2.628,4.1648,1.5368,2026-02-28,2026-10-06
Ohio,2.812,3.8773,1.0653,2026-02-28,2026-10-06
Oklahoma,2.466,3.979,1.513,2026-02-28,2026-10-06
Oregon,3.922,5.0432,1.1212,2026-02-28,2026-10-06
Pennsylvania,3.106,4.4797,1.3737,2026-02-28,2026-10-06
Rhode Island,2.891,4.34,1.449,2026-02-28,2026-10-06
South Carolina,2.667,3.9172,1.2502,2026-02-28,2026-10-06
South Dakota,2.705,4.1909,1.4859,2026-02-28,2026-10-06
Tennessee,2.564,3.9393,1.3753,2026-02-28,2026-10-06
Texas,2.597,3.9052,1.3082,2026-02-28,2026-10-06
Utah,2.753,4.9216,2.1686,2026-02-28,2026-10-06
Vermont,3.009,4.4282,1.4192,2026-02-28,2026-10-06
Virginia,2.815,4.1208,1.3058,2026-02-28,2026-10-06
Washington,4.36,5.4848,1.1248,2026-02-28,2026-10-06
West Virginia,2.839,4.2763,1.4373,2026-02-28,2026-10-06
Wisconsin,2.739,4.1483,1.4093,2026-02-28,2026-10-06
Wyoming,2.74,4.4503,1.7103,2026-02-28,2026-10-06
